id,tipo,nome,situacao
"alberto-felix-oliveira","people","Alberto Félix Oliveira","triagem Commons; sem imagem aprovada; pesquisa complementar pendente"
"alberto-leite","people","Alberto Leite","triagem Commons; sem imagem aprovada; pesquisa complementar pendente"
"alberto-mauricio-calo","people","Alberto Maurício Caló","triagem Commons; sem imagem aprovada; pesquisa complementar pendente"
"alberto-samuel-alcolumbre-tobelem","people","Alberto Samuel Alcolumbre Tobelem","triagem Commons; sem imagem aprovada; pesquisa complementar pendente"
"aletea-vega-marona-kunde","people","Aletea Vega Marona Kunde","triagem Commons; sem imagem aprovada; pesquisa complementar pendente"
"alexandre-flavio-medeiros-monteiro","people","Alexandre Flávio Medeiros Monteiro","triagem Commons; sem imagem aprovada; pesquisa complementar pendente"
"alina-boueres","people","Alina Boueres","triagem Commons; sem imagem aprovada; pesquisa complementar pendente"
"altieres-santana","people","Altieres Santana","triagem Commons; sem imagem aprovada; pesquisa complementar pendente"
"aluizio-moizinho","people","Aluizio Honorio Moizinho Junior","triagem Commons; sem imagem aprovada; pesquisa complementar pendente"
"amilton-tiago-de-souza","people","Amilton Tiago de Souza","triagem Commons; sem imagem aprovada; pesquisa complementar pendente"
"ana-claudia-queiroz-de-paiva","people","Ana Cláudia Queiroz de Paiva","triagem Commons; sem imagem aprovada; pesquisa complementar pendente"
"ana-paula-casagrande","people","Ana Paula Casagrande","triagem Commons; sem imagem aprovada; pesquisa complementar pendente"
"anderson-antunes-unltd","people","Anderson Antunes","triagem Commons; sem imagem aprovada; pesquisa complementar pendente"
"anderson-wander-da-silva-lima","people","Anderson Wander da Silva Lima","triagem Commons; sem imagem aprovada; pesquisa complementar pendente"
"andre-flores-tavares","people","André Flores Tavares","triagem Commons; sem imagem aprovada; pesquisa complementar pendente"
"andre-kruschewsky-lima","people","André Kruschewsky Lima","triagem Commons; sem imagem aprovada; pesquisa complementar pendente"
"andre-salvador-unltd","people","André Salvador","triagem Commons; sem imagem aprovada; pesquisa complementar pendente"
"andre-seixas-maia","people","André Seixas Maia","triagem Commons; sem imagem aprovada; pesquisa complementar pendente"
"andre-velloso-martins","people","André Velloso Martins","triagem Commons; sem imagem aprovada; pesquisa complementar pendente"
"andrea-lima-novaes","people","Andréa Lima Novaes","triagem Commons; sem imagem aprovada; pesquisa complementar pendente"
"angelo-rezende","people","Ângelo Rezende","triagem Commons; sem imagem aprovada; pesquisa complementar pendente"
"angelo-ribeiro-da-silva","people","Angelo Ribeiro da Silva","triagem Commons; sem imagem aprovada; pesquisa complementar pendente"
"antonio-augusto-conte","people","Antônio Augusto Conte","triagem Commons; sem imagem aprovada; pesquisa complementar pendente"
"antonio-carlos-freixo-junior","people","Antonio Carlos Freixo Júnior","triagem Commons; sem imagem aprovada; pesquisa complementar pendente"
"antonio-carlos-rodrigues","people","Antônio Carlos Rodrigues","triagem Commons; sem imagem aprovada; pesquisa complementar pendente"
"antonio-claudio-macedo-da-silva","people","Antônio Cláudio Macedo da Silva","triagem Commons; sem imagem aprovada; pesquisa complementar pendente"
"antonio-rueda","people","Antônio Rueda","triagem Commons; sem imagem aprovada; pesquisa complementar pendente"
"armando-miguel-gallo-neto","people","Armando Miguel Gallo Neto","triagem Commons; sem imagem aprovada; pesquisa complementar pendente"
"arthur-caixeta-nogueira","people","Arthur Caixeta Nogueira","triagem Commons; sem imagem aprovada; pesquisa complementar pendente"
"artur-martins-de-figueiredo","people","Artur Martins de Figueiredo","triagem Commons; sem imagem aprovada; pesquisa complementar pendente"
"ascendino-madureira-garcia","people","Ascendino Madureira Garcia","triagem Commons; sem imagem aprovada; pesquisa complementar pendente"
"augusto-lima","people","Augusto Lima","triagem Commons; sem imagem aprovada; pesquisa complementar pendente"
"belline-santana","people","Belline Santana","triagem Commons; sem imagem aprovada; pesquisa complementar pendente"
"benjamim-botelho-de-almeida","people","Benjamim Botelho de Almeida","triagem Commons; sem imagem aprovada; pesquisa complementar pendente"
"bonnie-toaldo-bonilha","people","Bonnie Toaldo Bonilha","triagem Commons; sem imagem aprovada; pesquisa complementar pendente"
"bruno-serra-fernandes","people","Bruno Serra Fernandes","triagem Commons; sem imagem aprovada; pesquisa complementar pendente"
"camilla-nascimento","people","Camilla Nascimento","triagem Commons; sem imagem aprovada; pesquisa complementar pendente"
"cesar-reginato-ligeiro","people","César Reginato Ligeiro","triagem Commons; sem imagem aprovada; pesquisa complementar pendente"
"ciro-soares","people","Ciro Soares","triagem Commons; sem imagem aprovada; pesquisa complementar pendente"
"claudia-resende-soares-da-silva","people","Cláudia Resende Soares da Silva","triagem Commons; sem imagem aprovada; pesquisa complementar pendente"
"claudinei-galvao-da-silva","people","Claudinei Galvão da Silva","triagem Commons; sem imagem aprovada; pesquisa complementar pendente"
"consuelo-dieguez","people","Consuelo Dieguez","triagem Commons; sem imagem aprovada; pesquisa complementar pendente"
"daniel-de-faria-jeronimo-leite","people","Daniel de Faria Jerônimo Leite","triagem Commons; sem imagem aprovada; pesquisa complementar pendente"
"daniel-lopes-monteiro","people","Daniel Lopes Monteiro","triagem Commons; sem imagem aprovada; pesquisa complementar pendente"
"daniel-marinelli-meira","people","Daniel Marinelli Meira","triagem Commons; sem imagem aprovada; pesquisa complementar pendente"
"daniel-moreira-bezerra","people","Daniel Moreira Bezerra","triagem Commons; sem imagem aprovada; pesquisa complementar pendente"
"daniel-penido-de-britto","people","Daniel Penido de Britto","triagem Commons; sem imagem aprovada; pesquisa complementar pendente"
"daniel-souza-iost","people","Daniel Souza Iost","triagem Commons; sem imagem aprovada; pesquisa complementar pendente"
"dario-oswaldo-garcia-junior","people","Dário Oswaldo Garcia Júnior","triagem Commons; sem imagem aprovada; pesquisa complementar pendente"
"david-abdala","people","David João Abdala Júnior","triagem Commons; sem imagem aprovada; pesquisa complementar pendente"
"david-agape","people","David Ágape","triagem Commons; sem imagem aprovada; pesquisa complementar pendente"
"david-henrique-alves","people","David Henrique Alves","triagem Commons; sem imagem aprovada; pesquisa complementar pendente"
"david-lopes-monteiro","people","David Lopes Monteiro","triagem Commons; sem imagem aprovada; pesquisa complementar pendente"
"decio-gabriel-gimenez","people","Décio Gabriel Gimenez","triagem Commons; sem imagem aprovada; pesquisa complementar pendente"
"deivis-marcon-antunes","people","Deivis Marcon Antunes","triagem Commons; sem imagem aprovada; pesquisa complementar pendente"
"dennis-cali","people","Dennis Cali","triagem Commons; sem imagem aprovada; pesquisa complementar pendente"
"diego-escosteguy","people","Diego Escosteguy","triagem Commons; sem imagem aprovada; pesquisa complementar pendente"
"diogo-ilario-de-araujo-oliveira","people","Diogo Ilário de Araújo Oliveira","triagem Commons; sem imagem aprovada; pesquisa complementar pendente"
"eduardo-mendonca-sodre-martins","people","Eduardo Mendonça Sodré Martins","triagem Commons; sem imagem aprovada; pesquisa complementar pendente"
"elisangela-capassi","people","Elisangela Katia Capassi","triagem Commons; sem imagem aprovada; pesquisa complementar pendente"
"emerson-jose-pedroso","people","Emerson José Pedroso","triagem Commons; sem imagem aprovada; pesquisa complementar pendente"
"erlene-nonato-lacerda","people","Erlene Nonato Lacerda","triagem Commons; sem imagem aprovada; pesquisa complementar pendente"
"eucherio-lerner-rodrigues","people","Euchério Lerner Rodrigues","triagem Commons; sem imagem aprovada; pesquisa complementar pendente"
"eugenio-de-souza-kruschewsky","people","Eugênio de Souza Kruschewsky","triagem Commons; sem imagem aprovada; pesquisa complementar pendente"
"felipe-cancado-vorcaro","people","Felipe Cançado Vorcaro","triagem Commons; sem imagem aprovada; pesquisa complementar pendente"
"felipe-wallace-simonsen","people","Felipe Wallace Simonsen","triagem Commons; sem imagem aprovada; pesquisa complementar pendente"
"fernanda-nechio","people","Fernanda Nechio","triagem Commons; sem imagem aprovada; pesquisa complementar pendente"
"fernanda-pereira-da-silva-machado","people","Fernanda Pereira da Silva Machado","triagem Commons; sem imagem aprovada; pesquisa complementar pendente"
"fernando-de-goes","people","Fernando de Goes","triagem Commons; sem imagem aprovada; pesquisa complementar pendente"
"fernando-sarney","people","Fernando Sarney","triagem Commons; sem imagem aprovada; pesquisa complementar pendente"
"flavia-peres","people","Flávia Peres","triagem Commons; sem imagem aprovada; pesquisa complementar pendente"
"flavio-carneiro-leo-dias","people","Flávio Carneiro","triagem Commons; sem imagem aprovada; pesquisa complementar pendente"
"francisco-jose-pereira-da-silva","people","Francisco José Pereira da Silva","triagem Commons; sem imagem aprovada; pesquisa complementar pendente"
"gabriel-garrido-lacerda","people","Gabriel Garrido Lacerda","triagem Commons; sem imagem aprovada; pesquisa complementar pendente"
"gabriel-pimenta-alves","people","Gabriel Pimenta Alves","triagem Commons; sem imagem aprovada; pesquisa complementar pendente"
"georges-seigneur","people","Georges Seigneur","triagem Commons; sem imagem aprovada; pesquisa complementar pendente"
"gilberto-benevides","people","Gilberto Benevides","triagem Commons; sem imagem aprovada; pesquisa complementar pendente"
"gilson-bahia-vasconcelos","people","Gilson Bahia Vasconcelos","triagem Commons; sem imagem aprovada; pesquisa complementar pendente"
"glaucio-maciel-bezerra","people","Gláucio Maciel Bezerra","triagem Commons; sem imagem aprovada; pesquisa complementar pendente"
"guilherme-de-toledo-benazzi","people","Guilherme de Toledo Benazzi","triagem Commons; sem imagem aprovada; pesquisa complementar pendente"
"guilherme-henrique-sodre-martins","people","Guilherme Henrique Sodré Martins","triagem Commons; sem imagem aprovada; pesquisa complementar pendente"
"gustavo-cleto-marsiglia","people","Gustavo Cleto Marsiglia","triagem Commons; sem imagem aprovada; pesquisa complementar pendente"
"hamilton-suaki","people","Hamilton Suaki","triagem Commons; sem imagem aprovada; pesquisa complementar pendente"
"helder-alves-de-lima","people","Helder Alves de Lima","triagem Commons; sem imagem aprovada; pesquisa complementar pendente"
"henrique-balduino-machado-moreira","people","Henrique Balduino Machado Moreira","triagem Commons; sem imagem aprovada; pesquisa complementar pendente"
"henrique-peretto","people","Henrique Peretto","triagem Commons; sem imagem aprovada; pesquisa complementar pendente"
"henrique-vorcaro","people","Henrique Vorcaro","triagem Commons; sem imagem aprovada; pesquisa complementar pendente"
"jackson-rubens-de-oliveira","people","Jackson Rubens de Oliveira","triagem Commons; sem imagem aprovada; pesquisa complementar pendente"
"janaina-pereira-lima-palazzo","people","Janaina Pereira Lima Palazzo","triagem Commons; sem imagem aprovada; pesquisa complementar pendente"
"jarbas-soares-junior","people","Jarbas Soares Júnior","triagem Commons; sem imagem aprovada; pesquisa complementar pendente"
"jefferson-pessoa-da-silva","people","Jefferson Pessoa da Silva","triagem Commons; sem imagem aprovada; pesquisa complementar pendente"
"joana-machado-de-moraes-mourao","people","Joana Machado de Moraes Mourão","triagem Commons; sem imagem aprovada; pesquisa complementar pendente"
"joao-carlos-mansur","people","João Carlos Mansur","triagem Commons; sem imagem aprovada; pesquisa complementar pendente"
"joao-carlos-paolilo-bacelar-filho","people","João Carlos Paolilo Bacelar Filho","triagem Commons; sem imagem aprovada; pesquisa complementar pendente"
"joao-claudio-nabas","people","João Cláudio Nabas","triagem Commons; sem imagem aprovada; pesquisa complementar pendente"
"joao-henrique-caldas","people","João Henrique Caldas (JHC)","triagem Commons; sem imagem aprovada; pesquisa complementar pendente"
"joao-manoel-pinho-de-mello","people","João Manoel Pinho de Mello","triagem Commons; sem imagem aprovada; pesquisa complementar pendente"
"joao-pedro-leite-nunes","people","João Pedro Leite Nunes","triagem Commons; sem imagem aprovada; pesquisa complementar pendente"
"jocildo-lemos","people","Jocildo Lemos","triagem Commons; sem imagem aprovada; pesquisa complementar pendente"
"jose-carlos-dias-toffoli","people","José Carlos Dias Toffoli","triagem Commons; sem imagem aprovada; pesquisa complementar pendente"
"jose-eugenio-dias-toffoli","people","José Eugênio Dias Toffoli","triagem Commons; sem imagem aprovada; pesquisa complementar pendente"
"jose-milton-afonso-goncalves","people","José Milton Afonso Gonçalves","triagem Commons; sem imagem aprovada; pesquisa complementar pendente"
"jucelio-fleury-neto","people","Jucelio Fleury Neto","triagem Commons; sem imagem aprovada; pesquisa complementar pendente"
"julia-grasiela-de-oliveira-freixo","people","Julia Grasiela de Oliveira Freixo","triagem Commons; sem imagem aprovada; pesquisa complementar pendente"
"karina-ferreira-da-gama","people","Karina Ferreira da Gama","triagem Commons; sem imagem aprovada; pesquisa complementar pendente"
"karina-resende-oliveira-vorcaro","people","Karina Resende Oliveira Vorcaro","triagem Commons; sem imagem aprovada; pesquisa complementar pendente"
"katherine-venancio-telles","people","Katherine Venâncio Telles","triagem Commons; sem imagem aprovada; pesquisa complementar pendente"
"kevin-de-carvalho-marques","people","Kevin de Carvalho Marques","triagem Commons; sem imagem aprovada; pesquisa complementar pendente"
"lauro-jardim","people","Lauro Jardim","triagem Commons; sem imagem aprovada; pesquisa complementar pendente"
"leandro-almada-da-costa","people","Leandro Almada da Costa","triagem Commons; sem imagem aprovada; pesquisa complementar pendente"
"leandro-de-jesus","people","Leandro de Jesus","triagem Commons; sem imagem aprovada; pesquisa complementar pendente"
"leandro-garcia","people","Leandro Garcia","triagem Commons; sem imagem aprovada; pesquisa complementar pendente"
"leo-serrano","people","Léo Serrano","triagem Commons; sem imagem aprovada; pesquisa complementar pendente"
"leonardo-antonio-lima-dias","people","Leonardo Antônio Lima Dias","triagem Commons; sem imagem aprovada; pesquisa complementar pendente"
"leonardo-augusto-furtado-palhares","people","Leonardo Augusto Furtado Palhares","triagem Commons; sem imagem aprovada; pesquisa complementar pendente"
"luis-felipe-woyceichoski","people","Luís Felipe Woyceichoski","triagem Commons; sem imagem aprovada; pesquisa complementar pendente"
"luiz-antonio-lombardi","people","Luiz Antônio Lombardi","triagem Commons; sem imagem aprovada; pesquisa complementar pendente"
"luiz-bull","people","Luiz Bull","triagem Commons; sem imagem aprovada; pesquisa complementar pendente"
"luiz-guilherme-camasmie","people","Luiz Guilherme Atalla Camasmie","triagem Commons; sem imagem aprovada; pesquisa complementar pendente"
"luiz-osvaldo-pastore","people","Luiz Osvaldo Pastore","triagem Commons; sem imagem aprovada; pesquisa complementar pendente"
"luiz-phillipi-mourao","people","Luiz Phillipi Mourão","triagem Commons; sem imagem aprovada; pesquisa complementar pendente"
"luiz-renno-netto","people","Luiz Rennó Netto","triagem Commons; sem imagem aprovada; pesquisa complementar pendente"
"maiara-hass","people","Maiara Hass","triagem Commons; sem imagem aprovada; pesquisa complementar pendente"
"manoel-mendes-rodrigues","people","Manoel Mendes Rodrigues","triagem Commons; sem imagem aprovada; pesquisa complementar pendente"
"marcello-de-oliveira-lopes","people","Marcello Lopes","triagem Commons; sem imagem aprovada; pesquisa complementar pendente"
"marcelo-barbosa-sacramone","people","Marcelo Barbosa Sacramone","triagem Commons; sem imagem aprovada; pesquisa complementar pendente"
"marcilio-de-abreu-brito","people","Marcílio de Abreu Brito","triagem Commons; sem imagem aprovada; pesquisa complementar pendente"
"marcio-garcia-linares","people","Márcio Garcia Liñares","triagem Commons; sem imagem aprovada; pesquisa complementar pendente"
"marcio-tavares-diniz","people","Márcio Tavares Diniz","triagem Commons; sem imagem aprovada; pesquisa complementar pendente"
"marcos-antonio-lauria","people","Marcos Antônio Lauria","triagem Commons; sem imagem aprovada; pesquisa complementar pendente"
"marcus-vinicius-furtado-coelho","people","Marcus Vinicius Furtado Coêlho","triagem Commons; sem imagem aprovada; pesquisa complementar pendente"
"marilson-roseno-da-silva","people","Marilson Roseno da Silva","triagem Commons; sem imagem aprovada; pesquisa complementar pendente"
"mario-umberto-degani","people","Mario Umberto Degani","triagem Commons; sem imagem aprovada; pesquisa complementar pendente"
"mauricio-camisotti","people","Maurício Camisotti","triagem Commons; sem imagem aprovada; pesquisa complementar pendente"
"mauricio-quadrado","people","Maurício Quadrado","triagem Commons; sem imagem aprovada; pesquisa complementar pendente"
"michael-brian-davis","people","Michael Brian Davis","triagem Commons; sem imagem aprovada; pesquisa complementar pendente"
"milton-maluhy-filho","people","Milton Maluhy Filho","triagem Commons; sem imagem aprovada; pesquisa complementar pendente"
"moises-dantas-dos-santos","people","Moisés Dantas dos Santos","triagem Commons; sem imagem aprovada; pesquisa complementar pendente"
"monica-waldvogel","people","Monica Waldvogel","triagem Commons; sem imagem aprovada; pesquisa complementar pendente"
"natalia-vorcaro-zettel","people","Natália Vorcaro Zettel","triagem Commons; sem imagem aprovada; pesquisa complementar pendente"
"nathana-lopes-figueiredo","people","Nathana Lopes Figueiredo","triagem Commons; sem imagem aprovada; pesquisa complementar pendente"
"nayara-maria-dias-albuquerque-de-sa","people","Nayara Maria Dias Albuquerque de Sá","triagem Commons; sem imagem aprovada; pesquisa complementar pendente"
"neilton-paixao-de-jesus","people","Neilton Paixão de Jesus","triagem Commons; sem imagem aprovada; pesquisa complementar pendente"
"oliver-ortiz-de-zarate-martin","people","Oliver Ortiz de Zarate Martin","triagem Commons; sem imagem aprovada; pesquisa complementar pendente"
"otavio-ribeiro-damaso","people","Otávio Ribeiro Damaso","triagem Commons; sem imagem aprovada; pesquisa complementar pendente"
"paula-vouguinha","people","Paula Vouguinha","triagem Commons; sem imagem aprovada; pesquisa complementar pendente"
"paulo-calixto","people","Paulo Calixto","triagem Commons; sem imagem aprovada; pesquisa complementar pendente"
"paulo-henrique-costa","people","Paulo Henrique Costa","triagem Commons; sem imagem aprovada; pesquisa complementar pendente"
"paulo-humberto-barbosa","people","Paulo Humberto Barbosa","triagem Commons; sem imagem aprovada; pesquisa complementar pendente"
"paulo-sergio-neves-de-souza","people","Paulo Sérgio Neves de Souza","triagem Commons; sem imagem aprovada; pesquisa complementar pendente"
"pedro-ivo-velloso","people","Pedro Ivo Rodrigues Velloso Cordeiro","triagem Commons; sem imagem aprovada; pesquisa complementar pendente"
"pedro-paulo-carvalho","people","Pedro Paulo Carvalho","triagem Commons; sem imagem aprovada; pesquisa complementar pendente"
"pedro-pinheiro-guerra-leal","people","Pedro Pinheiro Guerra Leal","triagem Commons; sem imagem aprovada; pesquisa complementar pendente"
"priscila-franca-parigine","people","Priscila Franca Parigine","triagem Commons; sem imagem aprovada; pesquisa complementar pendente"
"renan-foglia-calamia","people","Renan Foglia Calamia","triagem Commons; sem imagem aprovada; pesquisa complementar pendente"
"renata-leme-borges-dos-santos","people","Renata Leme Borges dos Santos","triagem Commons; sem imagem aprovada; pesquisa complementar pendente"
"renata-varandas","people","Renata Varandas","triagem Commons; sem imagem aprovada; pesquisa complementar pendente"
"renato-breia","people","Renato Breia","triagem Commons; sem imagem aprovada; pesquisa complementar pendente"
"ricardo-batista-de-siqueira-xavier","people","Ricardo Batista de Siqueira Xavier","triagem Commons; sem imagem aprovada; pesquisa complementar pendente"
"ricardo-siqueira-rodrigues","people","Ricardo Siqueira Rodrigues","triagem Commons; sem imagem aprovada; pesquisa complementar pendente"
"ricardo-soares-leite","people","Ricardo Soares Leite","triagem Commons; sem imagem aprovada; pesquisa complementar pendente"
"roberio-bonfim-mangueira","people","Robério Bonfim Mangueira","triagem Commons; sem imagem aprovada; pesquisa complementar pendente"
"roberta-moreira-luchsinger","people","Roberta Moreira Luchsinger","triagem Commons; sem imagem aprovada; pesquisa complementar pendente"
"roberto-fernandes-de-oliveira-filho","people","Roberto Fernandes de Oliveira Filho","triagem Commons; sem imagem aprovada; pesquisa complementar pendente"
"rodrigo-pimenta-franco-avelar-campos","people","Rodrigo Pimenta Franco Avelar Campos","triagem Commons; sem imagem aprovada; pesquisa complementar pendente"
"rony-gabriel","people","Rony Gabriel","triagem Commons; sem imagem aprovada; pesquisa complementar pendente"
"saul-dutra-sabba","people","Saul Dutra Sabbá","triagem Commons; sem imagem aprovada; pesquisa complementar pendente"
"sean-monteine","people","Sean Monteine","triagem Commons; sem imagem aprovada; pesquisa complementar pendente"
"sebastiao-monteiro-junior","people","Sebastião Monteiro Júnior","triagem Commons; sem imagem aprovada; pesquisa complementar pendente"
"sidnei-correa-marques","people","Sidnei Corrêa Marques","triagem Commons; sem imagem aprovada; pesquisa complementar pendente"
"tatiana-dantas-carta","people","Tatiana Dantas Carta","triagem Commons; sem imagem aprovada; pesquisa complementar pendente"
"thaisa-menzato","people","Thaísa Menzato","triagem Commons; sem imagem aprovada; pesquisa complementar pendente"
"tharcio-nascimento-salgado","people","Tharcio Nascimento Salgado","triagem Commons; sem imagem aprovada; pesquisa complementar pendente"
"thiago-miranda","people","Thiago Miranda","triagem Commons; sem imagem aprovada; pesquisa complementar pendente"
"thiago-rodrigues-de-faria","people","Thiago Rodrigues de Faria","triagem Commons; sem imagem aprovada; pesquisa complementar pendente"
"tiago-oliva-schietti","people","Tiago Oliva Schietti","triagem Commons; sem imagem aprovada; pesquisa complementar pendente"
"ticiano-figueiredo-de-oliveira","people","Ticiano Figueiredo de Oliveira","triagem Commons; sem imagem aprovada; pesquisa complementar pendente"
"valeria-vieira-pereira-da-silva","people","Valéria Vieira Pereira da Silva","triagem Commons; sem imagem aprovada; pesquisa complementar pendente"
"valerio-marega-junior","people","Valério Marega Júnior","triagem Commons; sem imagem aprovada; pesquisa complementar pendente"
"vicente-conte-neto","people","Vicente Conte Neto","triagem Commons; sem imagem aprovada; pesquisa complementar pendente"
"vicente-solari-mandetta","people","Vicente Solari de Moraes Rêgo Mandetta","triagem Commons; sem imagem aprovada; pesquisa complementar pendente"
"victor-lima-sedlmaier","people","Victor Lima Sedlmaier","triagem Commons; sem imagem aprovada; pesquisa complementar pendente"
"vladimir-timerman","people","Vladimir Timerman","triagem Commons; sem imagem aprovada; pesquisa complementar pendente"
"walfrido-warde","people","Walfrido Jorge Warde Junior","triagem Commons; sem imagem aprovada; pesquisa complementar pendente"
"wedson-caje-lopes","people","Wedson Cajé Lopes","triagem Commons; sem imagem aprovada; pesquisa complementar pendente"
"william-marcel-murad","people","William Marcel Murad","triagem Commons; sem imagem aprovada; pesquisa complementar pendente"
"yves-ribeiro","people","Yves Ribeiro","triagem Commons; sem imagem aprovada; pesquisa complementar pendente"
"113-investimentos-e-participacoes","organizations","113 Investimentos e Participações","triagem Commons; sem imagem aprovada; pesquisa complementar pendente"
"a-m-consultoria","organizations","A&M Consultoria","triagem Commons; sem imagem aprovada; pesquisa complementar pendente"
"a-turma","organizations","A Turma","triagem Commons; sem imagem aprovada; pesquisa complementar pendente"
"ac3-cobrancas-e-participacoes","organizations","AC3 Cobranças e Participações","triagem Commons; sem imagem aprovada; pesquisa complementar pendente"
"academia-nacional-de-cultura","organizations","Academia Nacional de Cultura","triagem Commons; sem imagem aprovada; pesquisa complementar pendente"
"alagoas-previdencia","organizations","Alagoas Previdência","triagem Commons; sem imagem aprovada; pesquisa complementar pendente"
"amapa-previdencia","organizations","Amapá Previdência","triagem Commons; sem imagem aprovada; pesquisa complementar pendente"
"amazonprev","organizations","Amazonprev","triagem Commons; sem imagem aprovada; pesquisa complementar pendente"
"ambipar","organizations","Ambipar","triagem Commons; sem imagem aprovada; pesquisa complementar pendente"
"ametrino-participacoes","organizations","Ametrino Participações","triagem Commons; sem imagem aprovada; pesquisa complementar pendente"
"aparecidaprev","organizations","Instituto de Previdência de Aparecida de Goiânia","triagem Commons; sem imagem aprovada; pesquisa complementar pendente"
"araprev-araras","organizations","Serviço de Previdência Social do Município de Araras (Araprev)","triagem Commons; sem imagem aprovada; pesquisa complementar pendente"
"asseba","organizations","ASSEBA — Associação dos Servidores da Saúde do Estado da Bahia","triagem Commons; sem imagem aprovada; pesquisa complementar pendente"
"associacao-nacional-de-jornais","organizations","Associação Nacional de Jornais","triagem Commons; sem imagem aprovada; pesquisa complementar pendente"
"associacao-nacional-delegados-pf","organizations","Associação Nacional dos Delegados de Polícia Federal","triagem Commons; sem imagem aprovada; pesquisa complementar pendente"
"asteba","organizations","Associação dos Servidores Técnico-Administrativo e Afins do Estado da Bahia","triagem Commons; sem imagem aprovada; pesquisa complementar pendente"
"banco-pleno","organizations","Banco Pleno","triagem Commons; sem imagem aprovada; pesquisa complementar pendente"
"banvox-dtvm","organizations","Banvox DTVM","triagem Commons; sem imagem aprovada; pesquisa complementar pendente"
"banvox-holding-financeira","organizations","Banvox Holding Financeira","triagem Commons; sem imagem aprovada; pesquisa complementar pendente"
"barci-de-moraes-sociedade-de-advogados","organizations","Barci de Moraes Advogados","triagem Commons; sem imagem aprovada; pesquisa complementar pendente"
"bello-pactum-participacoes","organizations","Bello Pactum Participações S.A.","triagem Commons; sem imagem aprovada; pesquisa complementar pendente"
"bipe-software-brasil","organizations","BIPE Software Brasil Ltda","triagem Commons; sem imagem aprovada; pesquisa complementar pendente"
"bn-financeira","organizations","BN Financeira","triagem Commons; sem imagem aprovada; pesquisa complementar pendente"
"bn-representacoes-tecnologicas","organizations","BN Representações Tecnológicas Ltda.","triagem Commons; sem imagem aprovada; pesquisa complementar pendente"
"brodowski-previdencia","organizations","Regime Próprio de Previdência de Brodowski","triagem Commons; sem imagem aprovada; pesquisa complementar pendente"
"cajamar-previdencia","organizations","Instituto de Previdência Social dos Servidores de Cajamar (IPSSC)","triagem Commons; sem imagem aprovada; pesquisa complementar pendente"
"camara-e-net","organizations","Câmara e.Net","triagem Commons; sem imagem aprovada; pesquisa complementar pendente"
"camara-municipal-de-imperatriz","organizations","Câmara Municipal de Imperatriz","triagem Commons; sem imagem aprovada; pesquisa complementar pendente"
"cartos","organizations","Cartos","triagem Commons; sem imagem aprovada; pesquisa complementar pendente"
"clinica-mais-medico","organizations","Clínica Mais Médico","triagem Commons; sem imagem aprovada; pesquisa complementar pendente"
"comissao-de-assuntos-economicos-senado-federal","organizations","Comissão de Assuntos Econômicos","triagem Commons; sem imagem aprovada; pesquisa complementar pendente"
"conselho-nacional-de-procuradores-gerais","organizations","Conselho Nacional de Procuradores-Gerais (CNPG)","triagem Commons; sem imagem aprovada; pesquisa complementar pendente"
"consult-inteligencia-tributaria","organizations","Consult Inteligência Tributária","triagem Commons; sem imagem aprovada; pesquisa complementar pendente"
"controladoria-geral-da-uniao","organizations","Controladoria-Geral da União","triagem Commons; sem imagem aprovada; pesquisa complementar pendente"
"cpi-do-crime-organizado","organizations","CPI do Crime Organizado","triagem Commons; sem imagem aprovada; pesquisa complementar pendente"
"cpmi-do-inss","organizations","CPMI do INSS","triagem Commons; sem imagem aprovada; pesquisa complementar pendente"
"credcesta","organizations","CredCesta","triagem Commons; sem imagem aprovada; pesquisa complementar pendente"
"credito-e-mercado","organizations","Crédito e Mercado","triagem Commons; sem imagem aprovada; pesquisa complementar pendente"
"dgep-empreendimentos-e-participacoes","organizations","DGEP Empreendimentos e Participações","triagem Commons; sem imagem aprovada; pesquisa complementar pendente"
"diamond-fip-multiestrategia","organizations","Diamond FIP Multiestratégia","triagem Commons; sem imagem aprovada; pesquisa complementar pendente"
"egide-i-holding","organizations","Egide I Holding Limited","triagem Commons; sem imagem aprovada; pesquisa complementar pendente"
"empresa-baiana-de-alimentos","organizations","Empresa Baiana de Alimentos","triagem Commons; sem imagem aprovada; pesquisa complementar pendente"
"entre-investimentos-e-participacoes","organizations","Entre Investimentos e Participações","triagem Commons; sem imagem aprovada; pesquisa complementar pendente"
"epitome-sa","organizations","Epítome S.A.","triagem Commons; sem imagem aprovada; pesquisa complementar pendente"
"espaco-engenharia","organizations","Espaço Engenharia e Construção","triagem Commons; sem imagem aprovada; pesquisa complementar pendente"
"felipe-santa-cruz-advogados","organizations","Felipe Santa Cruz Advogados","triagem Commons; sem imagem aprovada; pesquisa complementar pendente"
"fernao-previdencia","organizations","Regime Próprio de Previdência de Fernão","triagem Commons; sem imagem aprovada; pesquisa complementar pendente"
"feserp-ms","organizations","Feserp-MS — Federação Sindical dos Servidores Públicos Estaduais e Municipais de MS","triagem Commons; sem imagem aprovada; pesquisa complementar pendente"
"fg-participacoes","organizations","FG Participações","triagem Commons; sem imagem aprovada; pesquisa complementar pendente"
"fidc-alvarinho","organizations","FIDC Alvarinho","triagem Commons; sem imagem aprovada; pesquisa complementar pendente"
"fidc-maranta","organizations","FIDC Maranta","triagem Commons; sem imagem aprovada; pesquisa complementar pendente"
"figueiredo-velloso-advogados","organizations","Figueiredo & Velloso Advogados","triagem Commons; sem imagem aprovada; pesquisa complementar pendente"
"foco-dtvm","organizations","Foco DTVM","triagem Commons; sem imagem aprovada; pesquisa complementar pendente"
"fundo-brazil-realty","organizations","Fundo Brazil Realty","triagem Commons; sem imagem aprovada; pesquisa complementar pendente"
"fundo-de-previdencia-municipal-de-imbituva","organizations","Fundo de Previdência Municipal de Imbituva","triagem Commons; sem imagem aprovada; pesquisa complementar pendente"
"fundo-laguz-i","organizations","Laguz I Fundo de Investimento em Direitos Creditórios Não Padronizados","triagem Commons; sem imagem aprovada; pesquisa complementar pendente"
"gabino-kruschewsky-advogados-associados","organizations","Gabino Kruschewsky Advogados Associados","triagem Commons; sem imagem aprovada; pesquisa complementar pendente"
"galo-forte-fip","organizations","Galo Forte FIP","triagem Commons; sem imagem aprovada; pesquisa complementar pendente"
"gardenia-fip-multiestrategia","organizations","Gardênia FIP Multiestratégia","triagem Commons; sem imagem aprovada; pesquisa complementar pendente"
"go-up-entertainment","organizations","Go Up Entertainment","triagem Commons; sem imagem aprovada; pesquisa complementar pendente"
"governo-da-bahia","organizations","Governo do Estado da Bahia","triagem Commons; sem imagem aprovada; pesquisa complementar pendente"
"grupo-aquilla","organizations","Grupo Aquilla","triagem Commons; sem imagem aprovada; pesquisa complementar pendente"
"grupo-fictor","organizations","Grupo Fictor","triagem Commons; sem imagem aprovada; pesquisa complementar pendente"
"grupo-moura-dubeux","organizations","Grupo Moura Dubeux","triagem Commons; sem imagem aprovada; pesquisa complementar pendente"
"havengate-development-fund","organizations","Havengate Development Fund LP","triagem Commons; sem imagem aprovada; pesquisa complementar pendente"
"impcg","organizations","IMPCG","triagem Commons; sem imagem aprovada; pesquisa complementar pendente"
"inspiracao","organizations","Inspiração","triagem Commons; sem imagem aprovada; pesquisa complementar pendente"
"instituto-conhecer-brasil","organizations","Instituto Conhecer Brasil","triagem Commons; sem imagem aprovada; pesquisa complementar pendente"
"instituto-iter","organizations","Instituto ITER","triagem Commons; sem imagem aprovada; pesquisa complementar pendente"
"instituto-orbis","organizations","Instituto Orbis","triagem Commons; sem imagem aprovada; pesquisa complementar pendente"
"instituto-terra-firme","organizations","Instituto Terra Firme","triagem Commons; sem imagem aprovada; pesquisa complementar pendente"
"ipa-angelica","organizations","IPA de Angélica","triagem Commons; sem imagem aprovada; pesquisa complementar pendente"
"iprefsul","organizations","IPREFSUL","triagem Commons; sem imagem aprovada; pesquisa complementar pendente"
"iprem-santa-rita-doeste","organizations","Instituto de Previdência Municipal de Santa Rita d'Oeste","triagem Commons; sem imagem aprovada; pesquisa complementar pendente"
"iprem-santo-antonio-de-posse","organizations","Instituto de Previdência Municipal de Santo Antônio de Posse (Iprem-Posse)","triagem Commons; sem imagem aprovada; pesquisa complementar pendente"
"iprev-maceio","organizations","Instituto de Previdência dos Servidores do Município de Maceió (Iprev)","triagem Commons; sem imagem aprovada; pesquisa complementar pendente"
"itaprevi-itaguai","organizations","Itaguaí Previdência","triagem Commons; sem imagem aprovada; pesquisa complementar pendente"
"jaguar-investments","organizations","Jaguar Investments","triagem Commons; sem imagem aprovada; pesquisa complementar pendente"
"jateiprev","organizations","JATEIPREV","triagem Commons; sem imagem aprovada; pesquisa complementar pendente"
"kdb-instituicao-de-pagamento","organizations","KDB Instituição de Pagamento S.A.","triagem Commons; sem imagem aprovada; pesquisa complementar pendente"
"king-motors-locacao-veiculos","organizations","King Motors Locação de Veículos e Participações","triagem Commons; sem imagem aprovada; pesquisa complementar pendente"
"king-participacoes-imobiliarias","organizations","King Participações Imobiliárias","triagem Commons; sem imagem aprovada; pesquisa complementar pendente"
"kovr-seguradora","organizations","Kovr Seguradora","triagem Commons; sem imagem aprovada; pesquisa complementar pendente"
"leo-dias-comunicacao-e-jornalismo-ltda","organizations","Leo Dias Comunicação e Jornalismo Ltda","triagem Commons; sem imagem aprovada; pesquisa complementar pendente"
"letsbank","organizations","Letsbank","triagem Commons; sem imagem aprovada; pesquisa complementar pendente"
"lewandowski-advocacia","organizations","Lewandowski Advocacia","triagem Commons; sem imagem aprovada; pesquisa complementar pendente"
"lex-instituto-de-estudos-juridicos","organizations","LEX – Instituto de Estudos Jurídicos Ltda","triagem Commons; sem imagem aprovada; pesquisa complementar pendente"
"ligga-telecom","organizations","Ligga Telecom","triagem Commons; sem imagem aprovada; pesquisa complementar pendente"
"lino-properties","organizations","Lino Properties","triagem Commons; sem imagem aprovada; pesquisa complementar pendente"
"lormont-participacoes","organizations","Lormont Participações","triagem Commons; sem imagem aprovada; pesquisa complementar pendente"
"marcus-vinicius-furtado-coelho-advocacia","organizations","Marcus Vinicius Furtado Coelho Advocacia","triagem Commons; sem imagem aprovada; pesquisa complementar pendente"
"maridt-participacoes","organizations","Maridt Participações","triagem Commons; sem imagem aprovada; pesquisa complementar pendente"
"master-holding-financeira","organizations","Master Holding Financeira","triagem Commons; sem imagem aprovada; pesquisa complementar pendente"
"maxx-consultoria","organizations","MAXX Consultoria de Investimentos","triagem Commons; sem imagem aprovada; pesquisa complementar pendente"
"meg-fidc","organizations","MEG — Fundo de Investimento em Direitos Creditórios Não Padronizados","triagem Commons; sem imagem aprovada; pesquisa complementar pendente"
"mgi-desenvolvimento","organizations","MGI Desenvolvimento Imobiliário","triagem Commons; sem imagem aprovada; pesquisa complementar pendente"
"midias-promotora","organizations","Mídias Promotora Ltda","triagem Commons; sem imagem aprovada; pesquisa complementar pendente"
"milo-investimentos","organizations","Milo Investimentos","triagem Commons; sem imagem aprovada; pesquisa complementar pendente"
"ministerio-publico-de-sao-paulo","organizations","Ministério Público de São Paulo","triagem Commons; sem imagem aprovada; pesquisa complementar pendente"
"ministerio-publico-do-maranhao","organizations","Ministério Público do Maranhão","triagem Commons; sem imagem aprovada; pesquisa complementar pendente"
"mmpg-fi-financeiro-multimercado","organizations","MMPG FI Financeiro Multimercado CP","triagem Commons; sem imagem aprovada; pesquisa complementar pendente"
"moneycorp-banco-de-cambio","organizations","Moneycorp Banco de Câmbio","triagem Commons; sem imagem aprovada; pesquisa complementar pendente"
"monteiro-sociedade-de-advogados","organizations","Monteiro Sociedade de Advogados","triagem Commons; sem imagem aprovada; pesquisa complementar pendente"
"moriah-asset","organizations","Moriah Asset","triagem Commons; sem imagem aprovada; pesquisa complementar pendente"
"ngv-empreendimentos-e-participacoes","organizations","NGV Empreendimentos e Participações","triagem Commons; sem imagem aprovada; pesquisa complementar pendente"
"ngvspe-empreendimentos-participacoes","organizations","NGVSPE Empreendimentos e Participações","triagem Commons; sem imagem aprovada; pesquisa complementar pendente"
"oab-parana","organizations","Ordem dos Advogados do Brasil — Seccional do Paraná","triagem Commons; sem imagem aprovada; pesquisa complementar pendente"
"oandlig-participacoes","organizations","Oandlig Participações","triagem Commons; sem imagem aprovada; pesquisa complementar pendente"
"olivetto-comunicacao","organizations","Olivetto Comunicação","triagem Commons; sem imagem aprovada; pesquisa complementar pendente"
"one-investimentos","organizations","One Investimentos","triagem Commons; sem imagem aprovada; pesquisa complementar pendente"
"one-world-services","organizations","One World Services","triagem Commons; sem imagem aprovada; pesquisa complementar pendente"
"operacao-sem-desconto","organizations","Operação Sem Desconto","triagem Commons; sem imagem aprovada; pesquisa complementar pendente"
"os-meninos","organizations","Os Meninos","triagem Commons; sem imagem aprovada; pesquisa complementar pendente"
"pedra-azul-fidc","organizations","Pedra Azul FIDC","triagem Commons; sem imagem aprovada; pesquisa complementar pendente"
"pkl-one-participacoes","organizations","PKL One Participações S.A.","triagem Commons; sem imagem aprovada; pesquisa complementar pendente"
"pollaris-consultoria","organizations","Pollaris Consultoria","triagem Commons; sem imagem aprovada; pesquisa complementar pendente"
"presidencia-da-republica","organizations","Presidência da República","triagem Commons; sem imagem aprovada; pesquisa complementar pendente"
"prevcon-congonhas","organizations","Previdência do Município de Congonhas","triagem Commons; sem imagem aprovada; pesquisa complementar pendente"
"previpaulista","organizations","PreviPaulista","triagem Commons; sem imagem aprovada; pesquisa complementar pendente"
"reag-investimentos","organizations","Reag Investimentos","triagem Commons; sem imagem aprovada; pesquisa complementar pendente"
"resort-tayaya","organizations","Resort Tayayá","triagem Commons; sem imagem aprovada; pesquisa complementar pendente"
"rioprevidencia","organizations","RioPrevidência","triagem Commons; sem imagem aprovada; pesquisa complementar pendente"
"roseno-e-ribeiro-gestao-empresarial","organizations","Roseno & Ribeiro Gestão Empresarial Ltda","triagem Commons; sem imagem aprovada; pesquisa complementar pendente"
"sacramone-orleans-braganca-advogados","organizations","Sacramone, Orleans e Bragança Advogados","triagem Commons; sem imagem aprovada; pesquisa complementar pendente"
"sao-roque-prev","organizations","São Roque Previdência (São Roque Prev)","triagem Commons; sem imagem aprovada; pesquisa complementar pendente"
"secretaria-municipal-de-inovacao-e-tecnologia","organizations","Secretaria Municipal de Inovação e Tecnologia de São Paulo","triagem Commons; sem imagem aprovada; pesquisa complementar pendente"
"sete-capital","organizations","Sete Capital","triagem Commons; sem imagem aprovada; pesquisa complementar pendente"
"sgoprev","organizations","SGOPrev","triagem Commons; sem imagem aprovada; pesquisa complementar pendente"
"sl-consulting","organizations","SL Consulting","triagem Commons; sem imagem aprovada; pesquisa complementar pendente"
"solar-sociedade-organizada","organizations","SOLAR — Sociedade Organizada Spread of Love and Respect","triagem Commons; sem imagem aprovada; pesquisa complementar pendente"
"sozo-real-estate","organizations","Sozo Real Estate","triagem Commons; sem imagem aprovada; pesquisa complementar pendente"
"super-empreendimentos-e-participacoes","organizations","Super Empreendimentos e Participações","triagem Commons; sem imagem aprovada; pesquisa complementar pendente"
"superavit-participacoes","organizations","Superávit Participações","triagem Commons; sem imagem aprovada; pesquisa complementar pendente"
"talent-construcoes","organizations","Talent Construções","triagem Commons; sem imagem aprovada; pesquisa complementar pendente"
"talk-communications","organizations","Talk Communications","triagem Commons; sem imagem aprovada; pesquisa complementar pendente"
"tce-maranhao","organizations","Tribunal de Contas do Estado do Maranhão (TCE-MA)","triagem Commons; sem imagem aprovada; pesquisa complementar pendente"
"temer-advogados-associados","organizations","Temer Advogados Associados","triagem Commons; sem imagem aprovada; pesquisa complementar pendente"
"terra-firme-construcoes-e-incorporacoes","organizations","Terra Firme Construções e Incorporações","triagem Commons; sem imagem aprovada; pesquisa complementar pendente"
"terra-firme-da-bahia","organizations","Terra Firme da Bahia","triagem Commons; sem imagem aprovada; pesquisa complementar pendente"
"terra-firme-realty","organizations","Terra Firme Realty","triagem Commons; sem imagem aprovada; pesquisa complementar pendente"
"tether-investments","organizations","Tether Investments","triagem Commons; sem imagem aprovada; pesquisa complementar pendente"
"the-pay-solucoes-de-pagamentos","organizations","The-Pay Soluções de Pagamentos","triagem Commons; sem imagem aprovada; pesquisa complementar pendente"
"tirreno","organizations","Tirreno","triagem Commons; sem imagem aprovada; pesquisa complementar pendente"
"titan-holding","organizations","Titan Holding","triagem Commons; sem imagem aprovada; pesquisa complementar pendente"
"tribunal-de-contas-do-estado-do-parana","organizations","Tribunal de Contas do Estado do Paraná","triagem Commons; sem imagem aprovada; pesquisa complementar pendente"
"trustee-dtvm","organizations","Trustee DTVM","triagem Commons; sem imagem aprovada; pesquisa complementar pendente"
"trustee-holding-financeira","organizations","Trustee Holding Financeira","triagem Commons; sem imagem aprovada; pesquisa complementar pendente"
"unltd-network-brazil","organizations","UNLTD Network Brazil Ltda","triagem Commons; sem imagem aprovada; pesquisa complementar pendente"
"upcon","organizations","Upcon","triagem Commons; sem imagem aprovada; pesquisa complementar pendente"
"varajo-consultoria-empresarial","organizations","Varajo Consultoria Empresarial","triagem Commons; sem imagem aprovada; pesquisa complementar pendente"
"viking-participacoes","organizations","Viking Participações","triagem Commons; sem imagem aprovada; pesquisa complementar pendente"
"voce-pode-saude","organizations","Você Pode Saúde","triagem Commons; sem imagem aprovada; pesquisa complementar pendente"
"warde-advogados","organizations","Warde Advogados","triagem Commons; sem imagem aprovada; pesquisa complementar pendente"
"wf-comunicacao","organizations","WF Comunicação","triagem Commons; sem imagem aprovada; pesquisa complementar pendente"
"wws-holding","organizations","WWS Holding","triagem Commons; sem imagem aprovada; pesquisa complementar pendente"
